TrackId,Name,genre
7,"Let's Get It Up",Rock
11,C.O.D.,Rock
17,"Let There Be Rock",Rock
18,"Bad Boy Boogie",Rock
22,"Whole Lotta Rosie",Rock
23,"Walk On Water",Rock
27,"Dude (Looks Like A Lady)",Rock
29,Cryin',Rock
33,"The Other Side",Rock
34,Crazy,Rock
35,"Eat The Rich",Rock
40,Perfect,Rock
41,"Hand In My Pocket",Rock
45,"Head Over Feet",Rock
46,"Mary Jane",Rock
47,Ironic,Rock
50,"You Oughta Know (Alternate)",Rock
51,"We Die Young",Rock
52,"Man In The Box",Rock
56,"Love, Hate, Love",Rock
58,Sunshine,Rock
59,"Put You Down",Rock
86,"Show Me How to Live",Rock
87,Gasoline,Rock
88,"What You Are",Rock
91,"Shadow on the Sun",Rock
92,"I am the Highway",Rock
95,"Bring'em Back Alive",Rock
96,"Light My Way",Rock
97,"Getaway Car",Rock
337,"You Shook Me",Rock
338,"I Can't Quit You Baby",Rock
341,"The Girl I Love She Got Long Black Wavy Hair",Rock
342,"What is and Should Never Be",Rock
345,"Whole Lotta Love",Rock
346,"Somethin' Else",Rock
347,"Communication Breakdown(3)",Rock
350,"How Many More Times",Rock
351,"Debra Kadabra",Rock
354,"Poofter's Froth Wyoming Plans Ahead",Rock
355,"200 Years Old",Rock
356,Cucamonga,Rock
359,"Muffin Man",Rock
429,"The Miracle",Rock
432,"Hammer To Fall",Rock
433,"Friends Will Be Friends",Rock
435,"One Vision",Rock
436,"Detroit Rock City",Rock
444,"Do You Love Me",Rock
452,"Rock And Roll All Nite",Rock
491,"She Give Me ...",Rock
493,"Love Is Blind",Rock
497,"Midnight Blue",Rock
498,"Too Many Tears",Rock
499,"Don't Lie To Me",Rock
543,Burn,Rock
545,Gypsy,Rock
546,"Lady Double Dealer",Rock
547,Mistreated,Rock
550,"Custard Pie",Rock
551,"The Rover",Rock
552,"In My Time Of Dying",Rock
555,Kashmir,Rock
570,"(Da Le) Yaleo",Rock
573,"Africa Bamba",Rock
574,Smooth,Rock
577,Migra,Rock
578,"Corazon Espinado",Rock
579,"Wishing It Was",Rock
582,"The Calling",Rock
620,"Space Truckin'",Rock
622,"Mistreated (Alternate Version)",Rock
623,"You Fool No One (Alternate Version)",Rock
676,"I Put A Spell On You",Rock
684,"Travelin' Band",Rock
688,"Lookin' Out My Back Door",Rock
690,"I Heard It Through The Grapevine",Rock
691,"Have You Ever Seen The Rain?",Rock
703,"It Came Out Of The Sky",Rock
707,"My Baby Left Me",Rock
713,"Lookin' For A Reason",Rock
714,"Hello Mary Lou",Rock
746,"Lady Luck",Rock
747,"Gettin' Tighter",Rock
748,Dealer,Rock
752,"This Time Around / Owed to 'G' [Instrumental]",Rock
754,"Speed King",Rock
755,Bloodsucker,Rock
759,"Living Wreck",Rock
760,"Hard Lovin' Man",Rock
761,Fireball,Rock
764,"Anyone's Daughter",Rock
765,"The Mule",Rock
766,Fools,Rock
769,"Bad Attitude",Rock
770,"Child In Time (Son Of Aleric - Instrumental)",Rock
773,"Perfect Strangers",Rock
775,"Call Of The Wild",Rock
777,"Smoke On The Water",Rock
778,"Space Trucking",Rock
779,"Highway Star",Rock
782,"Never Before",Rock
783,"Smoke On The Water",Rock
784,Lazy,Rock
787,"Loosen My Strings",Rock
788,"Soon Forgotten",Rock
791,"The Aviator",Rock
792,"Rosa's Cantina",Rock
793,"A Castle Full Of Rascals",Rock
796,"Somebody Stole My Guitar",Rock
797,"The Purpendicular Waltz",Rock
800,"Fire In The Basement",Rock
801,"Truth Hurts",Rock
802,"Breakfast In Bed",Rock
805,"Too Much Is Not Enough",Rock
806,"Wicked Ways",Rock
809,"Holy Man",Rock
810,"Hold On",Rock
811,"Lady Double Dealer",Rock
814,"The Gypsy",Rock
815,"Soldier Of Fortune",Rock
818,Anya,Rock
819,"Talk About Love",Rock
820,"Time To Kill",Rock
823,"Nasty Piece Of Work",Rock
824,Solitaire,Rock
827,Photograph,Rock
828,"Love Bites",Rock
829,"Let's Get Rocked",Rock
832,"Heaven Is",Rock
833,Rocket,Rock
836,"Make Love Like A Man",Rock
837,"Armageddon It",Rock
838,"Have You Ever Needed Someone So Bad",Rock
841,"Bringin' On The Heartbreak",Rock
950,Ricochet,Rock
951,Evidence,Rock
955,"Caralho Voador",Rock
957,"Digging The Grave",Rock
961,"The Last To Know",Rock
962,"Just A Man",Rock
963,"Absolute Zero",Rock
991,"Best Of You",Rock
992,DOA,Rock
993,Hell,Rock
996,Resolve,Rock
997,"The Deepest Blues Are Black",Rock
998,"End Over End",Rock
1001,Miracle,Rock
1002,"Another Round",Rock
1005,"On The Mend",Rock
1007,"Cold Day In The Sun",Rock
1020,Doll,Rock
1023,"My Poor Brain",Rock
1024,"Wind Up",Rock
1025,"Up In Arms",Rock
1028,"Enough Space",Rock
1029,"February Stars",Rock
1032,"New Way Home",Rock
1148,Nightrain,Rock
1152,"My Michelle",Rock
1154,"Sweet Child O' Mine",Rock
1155,"You're Crazy",Rock
1167,"November Rain",Rock
1171,"Bad Apples",Rock
1201,"Different World",Rock
1205,"The Longest Day",Rock
1206,"Out of the Shadows",Rock
1207,"The Reincarnation of Benjamin Breeg",Rock
1210,"The Legacy",Rock
1211,"Hallowed Be Thy Name (Live) [Non Album Bonus Track]",Rock
1237,"Brave New World",Rock
1239,"The Mercenary",Rock
1241,"The Fallen Angel",Rock
1242,"The Nomad",Rock
1243,"Out Of The Silent Planet",Rock
1256,"Be Quick Or Be Dead",Rock
1257,"From Here To Eternity",Rock
1260,"Childhood's End",Rock
1261,"Wasting Love",Rock
1264,"The Apparition",Rock
1265,"Judas Be My Guide",Rock
1266,"Weekend Warrior",Rock
1305,"Be Quick Or Be Dead",Rock
1306,"The Number Of The Beast",Rock
1309,"Can I Play With Madness",Rock
1310,"Wasting Love",Rock
1311,Tailgunner,Rock
1314,"Fear Of The Dark",Rock
1315,"Bring Your Daughter... To The Slaughter...",Rock
1316,"The Clairvoyant",Rock
1318,"Run To The Hills",Rock
1319,"2 Minutes To Midnight",Rock
1320,"Iron Maiden",Rock
1324,"Running Free",Rock
1363,"The Clansman",Rock
1399,"Look For The Truth",Rock
1403,"The Edge Of Darkness",Rock
1409,"The Clansman",Rock
1410,"When Two Worlds Collide",Rock
1437,"If I Like It, I Do It",Rock
1438,"Music Of The Wind",Rock
1439,"Emergency On Planet Earth",Rock
1442,"Revolution 1993",Rock
1443,"Didgin' Out",Rock
1479,"Foxy Lady",Rock
1480,"Manic Depression",Rock
1483,"Love Or Confusion",Rock
1484,"I Don't Live Today",Rock
1487,"Third Stone From The Sun",Rock
1488,Remember,Rock
1489,"Are You Experienced?",Rock
1492,"Purple Haze",Rock
1493,"51st Anniversary",Rock
1496,"Surfing with the Alien",Rock
1497,"Ice 9",Rock
1498,"Crushing Day",Rock
1501,"Hill of the Skull",Rock
1502,Circles,Rock
1505,Echo,Rock
1564,"Goin' Blind",Rock
1566,Domino,Rock
1568,"A World Without Heroes",Rock
1569,"Rock Bottom",Rock
1570,"See You Tonight",Rock
1573,"2,000 Man",Rock
1574,Beth,Rock
1589,"I Can't Quit You Baby",Rock
1592,Darlene,Rock
1593,"Bonzo's Montreux",Rock
1595,"The Song Remains The Same",Rock
1596,"The Rain Song",Rock
1604,"South Bound Saurez",Rock
1612,"The Battle Of Evermore",Rock
1616,"Going To California",Rock
1618,"Good Times Bad Times",Rock
1619,"Babe I'm Gonna Leave You",Rock
1631,Heartbreaker,Rock
1635,"Bring It On Home",Rock
1641,"Gallows Pole",Rock
1642,Tangerine,Rock
1646,"In The Light",Rock
1647,Bron-Yr-Aur,Rock
1651,"The Wanton Song",Rock
1653,"Black Country Woman",Rock
1657,"Royal Orleans",Rock
1658,"Nobody's Fault But Mine",Rock
1659,"Candy Store Rock",Rock
1664,"The Song Remains The Same",Rock
1665,"Rain Song",Rock
1669,"Moby Dick",Rock
1670,"Whole Lotta Love",Rock
1703,"Fly Away",Rock
1705,Again,Rock
1706,"It Ain't Over 'Til It's Over",Rock
1707,"Can't Get You Off My Mind",Rock
1710,"Stand By My Woman",Rock
1711,"Always On The Run",Rock
1712,"Heaven Help",Rock
1715,"Let Love Rule",Rock
1716,"Black Velveteen",Rock
1746,Kayleigh,Rock
1747,Lavender,Rock
1748,"Bitter Suite: Brief Encounter / Lost Weekend / Blue Angel",Rock
1751,"Lords Of The Backstage",Rock
1752,"Blind Curve: Vocal Under A Bloodlight / Passing Strangers / Mylo / Perimeter Walk / Threshold",Rock
1792,Overkill,Rock
1796,"Who Can It Be Now?",Rock
1798,"Dr. Heckyll & Mr. Jive",Rock
1800,"No Sign of Yesterday",Rock
1987,School,Rock
1988,"Drain You",Rock
1989,Aneurysm,Rock
1992,Lithium,Rock
1993,Sliver,Rock
1996,"Heart-Shaped Box",Rock
1997,"Milk It",Rock
1998,"Negative Creep",Rock
2001,Tourette's,Rock
2002,Blew,Rock
2005,"Come As You Are",Rock
2006,Breed,Rock
2007,Lithium,Rock
2010,"Drain You",Rock
2011,"Lounge Act",Rock
2012,"Stay Away",Rock
2014,"Something In The Way",Rock
2015,Time,Rock
2016,P.S.Apareça,Rock
2020,Mágica,Rock
2024,Deus,Rock
2028,"Prazer E Fé",Rock
2095,"Crazy Train",Rock
2115,"Upon A Golden Horse",Rock
2117,"Please Read The Letter",Rock
2121,"Burning Up",Rock
2122,"When I Was A Child",Rock
2123,"House Of Love",Rock
2139,Wrathchild,Rock
2140,Killers,Rock
2144,"Remember Tomorrow",Rock
2146,"Running Free",Rock
2147,"Phantom Of The Opera",Rock
2151,"Hail, Hail",Rock
2152,Daughter,Rock
2153,"Elderly Woman Behind The Counter In A Small Town",Rock
2156,Go,Rock
2157,"Red Mosquito",Rock
2158,"Even Flow",Rock
2161,"Do The Evolution",Rock
2162,"Better Man",Rock
2179,"Save You",Rock
2180,"Love Boat Captain",Rock
2183,"I Am Mine",Rock
2184,"Thumbing My Way",Rock
2185,"You Are",Rock
2188,"Help Help",Rock
2189,Bushleager,Rock
2192,"All or None",Rock
2193,Once,Rock
2194,Evenflow,Rock
2197,Black,Rock
2198,Jeremy,Rock
2201,Garden,Rock
2202,Deep,Rock
2203,Release,Rock
2206,Daughter,Rock
2207,"Glorified G",Rock
2210,Blood,Rock
2211,Rearviewmirror,Rock
2212,Rats,Rock
2215,Indifference,Rock
2229,"Speak To Me/Breathe",Rock
2230,"On The Run",Rock
2233,Money,Rock
2234,"Us And Them",Rock
2237,Eclipse,Rock
2256,"Killer Queen",Rock
2260,"Don't Stop Me Now",Rock
2262,"Crazy Little Thing Called Love",Rock
2264,"Now I'm Here",Rock
2265,"Good Old-Fashioned Lover Boy",Rock
2266,"Play The Game",Rock
2269,"We Will Rock You",Rock
2270,"We Are The Champions",Rock
2300,"E-Bow The Letter",Rock
2308,"Low Desert",Rock
2347,"O Segredo Do Universo",Rock
2349,"Mata Virgem",Rock
2353,"Diamante De Mendigo",Rock
2354,"Negócio É",Rock
2355,"Muita Estrela, Pouca Constelação",Rock
2376,"Universally Speaking",Rock
2378,Dosed,Rock
2379,"Don't Forget Me",Rock
2383,Midnight,Rock
2384,"Throw Away Your Television",Rock
2385,Cabron,Rock
2388,"Minor Thing",Rock
2389,"Warm Tape",Rock
2390,"Venice Queen",Rock
2393,"Scar Tissue",Rock
2394,Otherside,Rock
2397,Easily,Rock
2399,"Emit Remmus",Rock
2401,"This Velvet Glove",Rock
2402,Savior,Rock
2403,"Purple Stain",Rock
2406,"The Spirit Of Radio",Rock
2407,"The Trees",Rock
2408,"Something For Nothing",Rock
2411,"Bastille Day",Rock
2412,"By-Tor And The Snow Dog",Rock
2415,"2112 Overture",Rock
2416,"The Temples Of Syrinx",Rock
2417,"La Villa Strangiato",Rock
2420,Jingo,Rock
2421,"El Corazon Manda",Rock
2424,"As The Years Go by",Rock
2425,"Soul Sacrifice",Rock
2426,"Fried Neckbones And Home Fries",Rock
2429,"We've Got To Get Together/Jingo",Rock
2430,"Rock Me",Rock
2433,"The Way You Do To Mer",Rock
2434,"Holding Back The Years",Rock
2435,"Money's Too Tight To Mention",Rock
2438,"A New Flame",Rock
2439,"You've Got It",Rock
2442,"Something Got Me Started",Rock
2443,"Thrill Me",Rock
2444,"Your Mirror",Rock
2447,Angel,Rock
2448,Fairground,Rock
2451,"Ela Desapareceu",Rock
2452,"Balada Do Amor Inabalável",Rock
2453,"Canção Noturna",Rock
2456,Rebelião,Rock
2457,"A Última Guerra",Rock
2460,"Preto Damião",Rock
2461,"É Uma Partida De Futebol",Rock
2462,"Eu Disse A Ela",Rock
2465,"Tão Seu",Rock
2466,"Sem Terra",Rock
2469,"Los Pretos",Rock
2470,"Sul Da América",Rock
2471,Poconé,Rock
2517,"Fell On Black Days",Rock
2520,"Blow Up The Outside World",Rock
2521,"Ty Cobb",Rock
2544,"Wicked Garden",Rock
2546,Sin,Rock
2547,"Naked Sunday",Rock
2569,"Falling in Circles",Rock
2570,"Book of Hours",Rock
2610,"The Saint",Rock
2611,Rise,Rock
2615,"American Gothic",Rock
2616,"Ashes And Ghosts",Rock
2617,"Shape The Sky",Rock
2620,"My Bridges Burn",Rock
2621,"She Sells Sanctuary",Rock
2622,"Fire Woman",Rock
2625,"The Witch",Rock
2626,Revolution,Rock
2629,Rain,Rock
2631,"Heart Of Soul",Rock
2633,"Wild Flower",Rock
2634,"Go West",Rock
2635,"Resurrection Joe",Rock
2638,"Earth Mofo",Rock
2639,"Break on Through",Rock
2640,"Soul Kitchen",Rock
2643,"Alabama Song",Rock
2644,"Light My Fire",Rock
2647,"End Of The Night",Rock
2648,"Take It As It Comes",Rock
2649,"The End",Rock
2652,"Message in a Bottle",Rock
2653,"Walking on the Moon",Rock
2656,"Every Little Thing She Does is Magic",Rock
2657,"Invisible Sun",Rock
2658,"Spirit's in the Material World",Rock
2661,"Wrapped Around Your Finger",Rock
2662,"Don't Stand So Close to Me '86",Rock
2665,"Heart Of Stone",Rock
2666,"Play With Fire",Rock
2667,Satisfaction,Rock
2670,"Mother's Little Helper",Rock
2671,"19th Nervous Breakdown",Rock
2674,"Ruby Tuesday",Rock
2675,"Let's Spend The Night Together",Rock
2676,Intro,Rock
2679,"Flip The Switch",Rock
2680,"Memory Motel",Rock
2683,"Wainting On A Friend",Rock
2684,"Sister Morphine",Rock
2685,"Live With Me",Rock
2688,"The Last Time",Rock
2689,"Out Of Control",Rock
2692,"Sparks Will Fly",Rock
2693,"The Worst",Rock
2694,"New Faces",Rock
2697,"I Go Wild",Rock
2698,"Brand New Car",Rock
2701,"Blinded By Rainbows",Rock
2702,"Baby Break It Down",Rock
2703,"Thru And Thru",Rock
2733,"My Generation",Rock
2734,Substitute,Rock
2749,"Who Are You (Single Edit Version)",Rock
2926,"Zoo Station",Rock
2929,"Until The End Of The World",Rock
2930,"Who's Gonna Ride Your Wild Horses",Rock
2933,"Mysterious Ways",Rock
2934,"Tryin' To Throw Your Arms Around The World",Rock
2935,"Ultraviolet (Light My Way)",Rock
2938,"Beautiful Day",Rock
2939,"Stuck In A Moment You Can't Get Out Of",Rock
2940,Elevation,Rock
2942,Kite,Rock
2943,"In A Little While",Rock
2944,"Wild Honey",Rock
2948,Grace,Rock
2952,"Love Comes Tumbling",Rock
2956,"Unchained Melody",Rock
2958,"Luminous Times (Hold On To Love)",Rock
2960,"Silver And Gold",Rock
2961,"Endless Deep",Rock
2962,"A Room At The Heartbreak Hotel",Rock
2965,"Miracle Drug",Rock
2966,"Sometimes You Can't Make It On Your Own",Rock
2981,Gone,Rock
2984,"If You Wear That Velvet Dress",Rock
2985,Please,Rock
2987,"Helter Skelter",Rock
2988,"Van Diemen's Land",Rock
2996,"Angel Of Harlem",Rock
3004,"Pride (In The Name Of Love)",Rock
3008,"Sunday Bloody Sunday",Rock
3010,"Where The Streets Have No Name",Rock
3011,"I Will Follow",Rock
3023,"The Refugee",Rock
3027,""40"",Rock
3033,"Daddy's Gonna Pay For Your Crashed Car",Rock
3034,"Some Days Are Better Than Others",Rock
3056,Intruder,Rock
3057,"(Oh) Pretty Woman",Rock
3061,"Big Bad Bill (Is Sweet William Now)",Rock
3062,"The Full Bug",Rock
3063,"Happy Trails",Rock
3066,"Runnin' With The Devil",Rock
3067,"Dance the Night Away",Rock
3068,"And the Cradle Will Rock...",Rock
3072,"Why Can't This Be Love",Rock
3074,"When It's Love",Rock
3075,Poundcake,Rock
3079,"Can't Get This Stuff No More",Rock
3080,"Me Wise Magic",Rock
3081,"Runnin' With The Devil",Rock
3084,"Ain't Talkin' 'Bout Love",Rock
3085,"I'm The One",Rock
3086,"Jamie's Cryin'",Rock
3089,"Little Dreamer",Rock
3090,"Ice Cream Man",Rock
3093,"Without You",Rock
3095,"From Afar",Rock
3097,Once,Rock
3098,"Fire in the Hole",Rock
3099,Josephina,Rock
3102,"Ballot or the Bullet",Rock
3103,"How Many Say I",Rock
3104,"Sucker Train Blues",Rock
3107,"Illegal I Song",Rock
3108,Spectacle,Rock
3111,Superhuman,Rock
3112,"Set Me Free",Rock
3113,"You Got No Right",Rock
3116,"Loving The Alien",Rock
3277,Snowblind,Rock
3278,"Black Sabbath",Rock
3281,"The Wizard",Rock
3282,N.I.B.,Rock
3283,"Sweet Leaf",Rock
3287,Paranoid,Rock
3288,"Rock You Like a Hurricane",Rock
3289,"No One Like You",Rock
3293,"Big City Nights",Rock
3294,"Believe in Love",Rock
3295,"Rhythm of Love",Rock
3298,"Wind of Change",Rock
3299,"Send Me an Angel",Rock
3353,"I Guess You're Right",Rock
63,Desafinado,Jazz
64,"Garota De Ipanema",Jazz
65,"Samba De Uma Nota Só (One Note Samba)",Jazz
68,Fotografia,Jazz
69,"Dindi (Dindi)",Jazz
70,"Se Todos Fossem Iguais A Você (Instrumental)",Jazz
73,"Corcovado (Quiet Nights Of Quiet Stars)",Jazz
74,"Outra Vez",Jazz
123,Quadrant,Jazz
124,"Snoopy's search-Red baron",Jazz
127,Stratus,Jazz
128,"The pleasant pheasant",Jazz
456,"Heart of the Night",Jazz
458,"Westwood Moon",Jazz
459,Midnight,Jazz
597,"Now's The Time",Jazz
600,"Tempus Fugit",Jazz
601,Walkin',Jazz
604,"New Rhumba",Jazz
605,Generique,Jazz
606,Summertime,Jazz
609,"Someday My Prince Will Come",Jazz
610,"My Funny Valentine (Live)",Jazz
613,"Petits Machins (Little Stuff)",Jazz
614,"Miles Runs The Voodoo Down",Jazz
615,"Little Church (Live)",Jazz
618,"Time After Time",Jazz
619,Portia,Jazz
624,"Jeepers Creepers",Jazz
628,"Leave Us Leap",Jazz
632,"Disc Jockey Jump",Jazz
636,"Coronation Drop",Jazz
638,Imagination,Jazz
640,Midget,Jazz
641,"I'm Coming Virginia",Jazz
642,"Payin' Them Dues Blues",Jazz
645,"Swedish Schnapps",Jazz
842,"Roll Call",Jazz
845,"Paris On Mine",Jazz
846,"In Time",Jazz
847,"Plan B",Jazz
850,"Talkin Loud and Saying Nothin",Jazz
1102,"Doce De Carnaval (Candy All)",Jazz
1104,Pretinha,Jazz
1189,"Love Is The Colour",Jazz
1193,Gypsy,Jazz
1194,"Journey Into Sunlight",Jazz
1195,Sunchild,Jazz
1200,"Dark Side Of The Cog",Jazz
1902,Springsville,Jazz
1903,"The Maids Of Cadiz",Jazz
1906,"Miles Ahead",Jazz
1907,"Blues For Pablo",Jazz
1908,"New Rhumba",Jazz
1912,"Springsville (Alternate Take)",Jazz
1914,"The Meaning Of The Blues/Lament (Alternate Take)",Jazz
1915,"I Don't Wanna Be Kissed (By Anyone But You) (Alternate Take)",Jazz
2523,"Morning Dance",Jazz
2524,Jubilee,Jazz
3349,Amanda,Jazz
3350,Despertar,Jazz
3357,"OAM's Blues",Jazz
77,"Enter Sandman",Metal
79,"Harvester Of Sorrow",Metal
81,"Sad But True",Metal
82,"Creeping Death",Metal
83,"Wherever I May Roam",Metal
131,"Intro/ Low Down",Metal
132,"13 Years Of Grief",Metal
133,"Stronger Than Death",Metal
136,"Phoney Smile Fake Hellos",Metal
137,"Lost My Better Half",Metal
140,"Born To Booze",Metal
141,"World Of Trouble",Metal
142,"No More Tears",Metal
145,Snowblind,Metal
146,"Like A Bird",Metal
149,"Black Sabbath",Metal
150,"The Wizard",Metal
151,"Behind The Wall Of Sleep",Metal
154,"Sleeping Village",Metal
155,Warning,Metal
156,"Wheels Of Confusion / The Straightener",Metal
158,Changes,Metal
159,FX,Metal
160,Supernaut,Metal
164,"St. Vitus Dance",Metal
408,"Free Speech For The Dumb",Metal
409,"It's Electric",Metal
410,"Sabbra Cadabra",Metal
413,Loverman,Metal
414,"Mercyful Fate",Metal
1125,"I Stand Alone",Metal
1128,"Releasing The Demons",Metal
1129,"Dead And Broken",Metal
1131,"The Awakening",Metal
1132,Serenity,Metal
1177,"Knockin' On Heaven's Door",Metal
1178,"Get In The Ring",Metal
1182,Locomotive,Metal
1183,"So Fine",Metal
1187,"My World",Metal
1212,"The Number Of The Beast",Metal
1216,"Remember Tomorrow",Metal
1218,Sanctuary,Metal
1219,"Running Free",Metal
1223,"Hallowed Be Thy Name",Metal
1224,"Be Quick Or Be Dead",Metal
1225,"From Here To Eternity",Metal
1228,Tailgunner,Metal
1229,"The Evil That Men Do",Metal
1230,"Afraid To Shoot Strangers",Metal
1233,"The Clairvoyant",Metal
1234,"Fear Of The Dark",Metal
1291,Revelations,Metal
1292,"Flight Of Icarus",Metal
1293,"Rime Of The Ancient Mariner",Metal
1296,"Hallowed Be Thy Name",Metal
1297,"Iron Maiden",Metal
1328,"Public Enema Number One",Metal
1332,"Hooks In You",Metal
1334,"Mother Russia",Metal
1336,Revelations,Metal
1337,"Flight Of The Icarus",Metal
1338,"Die With Your Boots On",Metal
1341,"Quest For Fire",Metal
1342,"Sun And Steel",Metal
1357,"2 Minutes To Midnight",Metal
1360,"The Mercenary",Metal
1361,"The Trooper",Metal
1364,"The Evil That Men Do",Metal
1372,"Infinite Dreams",Metal
1380,"Wasted Years",Metal
1384,"Alexander the Great",Metal
1386,"The Loneliness of the Long Dis",Metal
1387,"22 Acacia Avenue",Metal
1546,"The Green Manalishi",Metal
1547,"Living After Midnight",Metal
1548,"Breaking The Law (Live)",Metal
1550,"Heading Out To The Highway (Live)",Metal
1551,"The Hellion",Metal
1552,"Electric Eye",Metal
1556,"Some Heads Are Gonna Roll",Metal
1560,"Victim Of Change (Live)",Metal
1801,"Enter Sandman",Metal
1802,"Sad But True",Metal
1805,"Wherever I May Roam",Metal
1806,"Don't Tread On Me",Metal
1821,"The Prince",Metal
1824,"Killing Time",Metal
1825,Overkill,Metal
1827,"Stone Dead Forever",Metal
1828,"Too Late Too Late",Metal
1836,"No Remorse",Metal
1844,"Hero Of The Day",Metal
1848,"Wasted My Hate",Metal
1850,"Thorn Within",Metal
1851,Ronnie,Metal
1863,"Devil's Dance",Metal
1867,"Carpe Diem Baby",Metal
1873,Fixxxer,Metal
1874,"Fight Fire With Fire",Metal
1878,"Trapped Under Ice",Metal
1879,Escape,Metal
1883,"St. Anger",Metal
1885,"Dirty Window",Metal
1889,"Sweet Amber",Metal
1890,"The Unnamed Feeling",Metal
1891,Purify,Metal
1896,One,Metal
1897,"The Shortest Straw",Metal
1901,"Dyers Eve",Metal
1942,"Ace Of Spades",Metal
1943,"Love Me Like A Reptile",Metal
1944,"Shoot You In The Back",Metal
1947,"(We Are) The Road Crew",Metal
1948,"Fire Fire",Metal
1951,"Bite The Bullet",Metal
1952,"The Chase Is Better Than The Catch",Metal
1953,"The Hammer",Metal
1956,Emergency,Metal
1969,"Bitter Pill",Metal
1970,Enslaved,Metal
1971,"Girls, Girls, Girls",Metal
1974,Glitter,Metal
1975,"Dr. Feelgood",Metal
1978,Afraid,Metal
1979,"Don't Go Away Mad (Just Go Away)",Metal
1980,"Without You",Metal
1983,"Too Fast For Love",Metal
1984,"Looks That Kill",Metal
2099,"I Don't Know",Metal
2105,"Steal Away (The Night)",Metal
2106,"Suicide Solution (With Guitar Solo)",Metal
2110,"Goodbye To Romance",Metal
2111,"No Bone Movies",Metal
2559,"This Cocaine Makes Me Feel Like I'm On This Song",Metal
2563,"Old School Hollywood",Metal
3134,"Is This Love",Metal
3135,"Love Ain't No Stranger",Metal
3138,"Slide It In",Metal
3139,"Slow An' Easy",Metal
3140,"Judgement Day",Metal
3143,"Crying In The Rain",Metal
3144,"Fool For Your Loving",Metal
100,"Out Of Exile","Alternative & Punk"
101,"Be Yourself","Alternative & Punk"
104,"Heaven's Dead","Alternative & Punk"
105,"The Worm","Alternative & Punk"
106,"Man Or Animal","Alternative & Punk"
109,"#1 Zero","Alternative & Punk"
110,"The Curse","Alternative & Punk"
168,"Now Sports","Alternative & Punk"
172,"The Real Problem","Alternative & Punk"
174,"D Note","Alternative & Punk"
176,"The Winner Loses","Alternative & Punk"
177,"There Goes The Neighborhood","Alternative & Punk"
178,Oprah,"Alternative & Punk"
181,"Momma's Gotta Die Tonight","Alternative & Punk"
182,"Freedom Of Speech","Alternative & Punk"
471,"Welcome To Paradise","Alternative & Punk"
475,"J.A.R. (Jason Andrew Relva)","Alternative & Punk"
481,"Hitchin' A Ride","Alternative & Punk"
482,"Good Riddance (Time Of Your Life)","Alternative & Punk"
486,Warning,"Alternative & Punk"
487,Waiting,"Alternative & Punk"
529,"Balada Do Louco","Alternative & Punk"
532,Baby,"Alternative & Punk"
533,"A E O Z","Alternative & Punk"
534,"Panis Et Circenses","Alternative & Punk"
537,"Bat Macumba","Alternative & Punk"
538,"Desculpe Babe","Alternative & Punk"
541,"Banho De Lua","Alternative & Punk"
923,Collision,"Alternative & Punk"
935,"Land Of Sunshine","Alternative & Punk"
939,"Smaller And Smaller","Alternative & Punk"
945,"Crack Hitler","Alternative & Punk"
946,Jizzlobber,"Alternative & Punk"
968,"Zombie Eaters","Alternative & Punk"
969,"The Real Thing","Alternative & Punk"
973,"War Pigs","Alternative & Punk"
974,"Edge Of The World","Alternative & Punk"
1009,"All My Life","Alternative & Punk"
1010,Low,"Alternative & Punk"
1011,"Have It All","Alternative & Punk"
1014,"Tired Of You","Alternative & Punk"
1015,Halo,"Alternative & Punk"
1016,"Lonely As You","Alternative & Punk"
1019,"Come Back","Alternative & Punk"
1140,"She's A Rebel","Alternative & Punk"
1466,"Last Chance","Alternative & Punk"
1469,"Look What You've Done","Alternative & Punk"
1471,"Move On","Alternative & Punk"
1473,"Get Me Outta Here","Alternative & Punk"
1474,"Cold Hard Bitch","Alternative & Punk"
1475,"Come Around Again","Alternative & Punk"
1478,Timothy,"Alternative & Punk"
2165,"Life Wasted","Alternative & Punk"
2167,Comatose,"Alternative & Punk"
2169,"Marker In The Sand","Alternative & Punk"
2170,Parachutes,"Alternative & Punk"
2171,Unemployable,"Alternative & Punk"
2174,"Wasted Reprise","Alternative & Punk"
2175,"Army Reserve","Alternative & Punk"
2176,"Come Back","Alternative & Punk"
2285,"Pop Song 89","Alternative & Punk"
2288,Stand,"Alternative & Punk"
2289,"World Leader Pretend","Alternative & Punk"
2291,"Orange Crush","Alternative & Punk"
2292,"Turn You Inside-Out","Alternative & Punk"
2312,"Near Wild Heaven","Alternative & Punk"
2314,Belong,"Alternative & Punk"
2315,"Half A World Away","Alternative & Punk"
2327,"Driver 8","Alternative & Punk"
2331,"The One I Love","Alternative & Punk"
2337,"Merry Christmas","Alternative & Punk"
2338,Bodies,"Alternative & Punk"
2342,Cajueiro,"Alternative & Punk"
2343,"Palhas Do Coqueiro","Alternative & Punk"
2360,"Breaking The Girl","Alternative & Punk"
2361,"Funky Monks","Alternative & Punk"
2365,"The Righteous & The Wicked","Alternative & Punk"
2366,"Give It Away","Alternative & Punk"
2367,"Blood Sugar Sex Magik","Alternative & Punk"
2370,"Apache Rose Peacock","Alternative & Punk"
2371,"The Greeting Song","Alternative & Punk"
2372,"My Lovely Man","Alternative & Punk"
2474,"Because You Are","Alternative & Punk"
2475,"Slow Dawn","Alternative & Punk"
2476,Believe,"Alternative & Punk"
2478,"Marquis In Spades","Alternative & Punk"
2479,"Here's To The Atom Bomb","Alternative & Punk"
2480,Sparrow,"Alternative & Punk"
2484,"Set The Ray To Jerry","Alternative & Punk"
2488,Siva,"Alternative & Punk"
2492,Today,"Alternative & Punk"
2494,Landslide,"Alternative & Punk"
2496,1979,"Alternative & Punk"
2497,Zero,"Alternative & Punk"
2498,"Tonight, Tonight","Alternative & Punk"
2501,Perfect,"Alternative & Punk"
2502,"The Everlasting Gaze","Alternative & Punk"
2592,"Remote Control","Alternative & Punk"
2593,"Complete Control","Alternative & Punk"
2597,"English Civil War","Alternative & Punk"
2598,"I Fought The Law","Alternative & Punk"
2599,"London Calling","Alternative & Punk"
2602,"The Call Up","Alternative & Punk"
2603,"Hitsville UK","Alternative & Punk"
2604,"The Magnificent Seven","Alternative & Punk"
2608,"Should I Stay Or Should I Go","Alternative & Punk"
2706,Temptation,"Alternative & Punk"
2707,"The Messenger","Alternative & Punk"
2708,Psychopomp,"Alternative & Punk"
2710,"The Bazaar","Alternative & Punk"
2711,"Save Me (Remix)","Alternative & Punk"
2712,"Fire In The Head","Alternative & Punk"
2716,Babylon,"Alternative & Punk"
2720,Temptation,"Alternative & Punk"
2724,Alarum,"Alternative & Punk"
2726,Transmission,"Alternative & Punk"
2728,Pulse,"Alternative & Punk"
2729,Emerald,"Alternative & Punk"
2730,Aftermath,"Alternative & Punk"
2791,Hereditário,"Alternative & Punk"
2795,"Bichos Escrotos (Vinheta)","Alternative & Punk"
2801,Diversão,"Alternative & Punk"
2802,Televisão,"Alternative & Punk"
2806,Desordem,"Alternative & Punk"
2807,"Não Vou Me Adaptar","Alternative & Punk"
2811,"Senhora E Senhor","Alternative & Punk"
2813,Miséria,"Alternative & Punk"
2817,"É Preciso Saber Viver","Alternative & Punk"
2818,"Senhor Delegado/Eu Não Aguento","Alternative & Punk"
113,"Bad Boy","Rock And Roll"
114,"Twist And Shout","Rock And Roll"
115,"Please Mr. Postman","Rock And Roll"
118,"Slow Down","Rock And Roll"
119,Roadrunner,"Rock And Roll"
122,"20 Flight Rock","Rock And Roll"
197,"Pretty Baby",Blues
200,"She Suits Me To A Tee",Blues
201,"Keep It To Myself (Aka Keep It To Yourself)",Blues
203,"Too Many Ways (Alternate)",Blues
204,"Talkin' 'Bout Women Obviously",Blues
893,"I Feel Free",Blues
896,"Strange Brew",Blues
897,"White Room",Blues
899,Cocaine,Blues
900,"I Shot The Sheriff",Blues
908,"I Can't Stand It",Blues
916,"Running On Faith",Blues
920,"Malted Milk",Blues
922,"Rollin' And Tumblin'",Blues
1269,"02 - Sanctuary",Blues
1270,"03 - Remember Tomorrow",Blues
1273,"06 - Transylvania",Blues
1274,"07 - Strange World",Blues
1275,"08 - Charlotte the Harlot",Blues
2532,"The House Is Rockin'",Blues
2540,"Love Me Darlin'",Blues
2574,"Thick & Thin",Blues
2575,"Greasy Grass River",Blues
2579,"Wiser Time",Blues
2581,"Cosmic Fiend",Blues
2585,"She Talks To Angels",Blues
2586,"Twice As Hard",Blues
2587,Lickin',Blues
212,Drão,Latin
220,"A Luz De Tieta",Latin
224,"Sozinho (Hitmakers Classic Radio Edit)",Latin
226,Carolina,Latin
227,"Essa Moça Ta Diferente",Latin
239,"Brejo Da Cruz",Latin
243,"Vai Trabalhar Vagabundo",Latin
249,"Quilombo Groove [Instrumental]",Latin
250,Macô,Latin
254,"O Encontro De Isaac Asimov Com Santos Dumont No Céu",Latin
255,"Corpo De Lama",Latin
259,"Baião Ambiental [Instrumental]",Latin
261,"Enquanto O Mundo Explode",Latin
265,"Samidarish [Instrumental]",Latin
266,"Maracatu Atômico [Atomic Version]",Latin
267,"Maracatu Atômico [Ragga Mix]",Latin
272,Cidade,Latin
273,Praiera,Latin
277,"Salustiano Song",Latin
278,"Antene Se",Latin
279,Risoflora,Latin
313,"Noite Do Prazer",Latin
314,"À Francesa",Latin
315,"Cada Um Cada Um (A Namoradeira)",Latin
318,Férias,Latin
319,"Gostava Tanto De Você",Latin
320,"Flor Do Futuro",Latin
374,Guanabara,Latin
377,"A Paz",Latin
378,"Wave (Vou te Contar)",Latin
381,"Pode Parar",Latin
382,"Menino do Rio",Latin
383,"Ando Meio Desligado",Latin
386,"Menina Bonita",Latin
387,"Pescador de Ilusões",Latin
388,"À Vontade (Live Mix)",Latin
390,"Sambassim (dj patife remix)",Latin
391,"Garota De Ipanema",Latin
392,"Tim Tim Por Tim Tim",Latin
396,"Alô Alô Marciano",Latin
400,Alice,Latin
404,"Mr Funk Samba",Latin
406,"Por Você",Latin
504,"O Que É O Que É ?",Latin
505,Sangrando,Latin
509,"Com A Perna No Mundo",Latin
510,"E Vamos À Luta",Latin
511,"Um Homem Também Chora (Guerreiro Menino)",Latin
514,"Espere Por Mim, Morena",Latin
515,"Meia-Lua Inteira",Latin
516,"Voce e Linda",Latin
520,"O Estrangeiro",Latin
522,"Qualquer Coisa",Latin
523,Sampa,Latin
527,Terra,Latin
528,"Alegria, Alegria",Latin
556,Imperatriz,Latin
559,Mocidade,Latin
560,"Unidos Da Tijuca",Latin
561,Salgueiro,Latin
564,"Grande Rio",Latin
565,Portela,Latin
568,"Império Serrano",Latin
569,Tuiuti,Latin
583,Solução,Latin
586,"Um Contrato Com Deus",Latin
587,"Um Jantar Pra Dois",Latin
588,"Vamos Dançar",Latin
591,"Baixo Rio",Latin
592,"Sombras Do Meu Destino",Latin
595,Já!!!,Latin
596,"A Rua",Latin
661,"Linha de Passe (João Bosco)",Latin
664,"Marina (Dorival Caymmi)",Latin
665,"Aquarela (Toquinho)",Latin
667,"Dona (Roupa Nova)",Latin
668,"Começaria Tudo Outra Vez (Maria Creuza)",Latin
718,"Geração Coca-Cola (Ao Vivo)",Latin
719,"Lanterna Dos Afogados",Latin
723,"1° De Julho",Latin
725,"Vida Bandida (Ao Vivo)",Latin
729,"Juventude Transviada (Ao Vivo)",Latin
730,Malandragem,Latin
731,"O Segundo Sol",Latin
736,"Nós (Ao Vivo)",Latin
737,"Na Cadência Do Samba",Latin
741,"Blues Da Piedade",Latin
742,Rubens,Latin
743,"Não Deixe O Samba Morrer - Cassia Eller e Alcione",Latin
851,Pétala,Latin
852,"Meu Bem-Querer",Latin
854,"Boa Noite",Latin
855,"Fato Consumado",Latin
856,"Faltando Um Pedaço",Latin
860,"Eu Te Devoro",Latin
864,Samurai,Latin
868,Serrado,Latin
870,"Amar É Tudo",Latin
872,Seduzir,Latin
873,"A Carta",Latin
874,Sina,Latin
877,"O Bêbado e a Equilibrista",Latin
878,"O Mestre-Sala dos Mares",Latin
975,"Deixa Entrar",Latin
978,"Rindo À Toa",Latin
979,Confidência,Latin
980,"Forró De Tóquio",Latin
984,Asas,Latin
986,Oração,Latin
987,"Minha Gata",Latin
1059,"Funk De Bamba (Com Fernanda Abreu)",Latin
1060,"Call Me At Cleo´s",Latin
1061,"Olhos Coloridos (Com Sandra De Sá)",Latin
1064,"Forty Days (Com DJ Hum)",Latin
1065,"Balada Da Paula",Latin
1068,Motéis,Latin
1069,"Whistle Stop",Latin
1070,"16 Toneladas",Latin
1087,"Introdução (Live)",Latin
1088,"Palco (Live)",Latin
1092,"Vendedor De Caranguejo (Live)",Latin
1096,"Cérebro Eletrônico (Live)",Latin
1100,"Ghandi (Live)",Latin
1105,"A Novidade",Latin
1106,"Tenho Sede",Latin
1109,Esotérico,Latin
1110,Drão,Latin
1506,"Engenho De Dentro",Latin
1507,Alcohol,Latin
1510,"W/Brasil (Chama O Síndico)",Latin
1511,"País Tropical",Latin
1514,Selassiê,Latin
1515,"Menina Sarará",Latin
1516,"Que Maravilha",Latin
1519,"Taj Mahal",Latin
1520,Rapidamente,Latin
1523,"My Brother",Latin
1524,"Há Quanto Tempo",Latin
1525,Vício,Latin
1528,"A Tarde",Latin
1529,"Always Be All Right",Latin
1671,Natália,Latin
1674,"Longe Do Meu Lado",Latin
1675,"A Via Láctea",Latin
1676,"Música Ambiente",Latin
1680,"Mil Pedaços",Latin
1682,"1º De Julho",Latin
1683,"Esperando Por Mim",Latin
1687,"Ainda É Cedo",Latin
1688,"Geração Coca-Cola",Latin
1689,"Eduardo E Mônica",Latin
1692,"Que País É Este",Latin
1693,"Faroeste Caboclo",Latin
1694,"Há Tempos",Latin
1697,"Vento No Litoral",Latin
1698,Perfeição,Latin
1701,"Antes Das Seis",Latin
1719,Dancin´Days,Latin
1720,"Um Pro Outro",Latin
1721,"Aviso Aos Navegantes",Latin
1724,Hyperconectividade,Latin
1725,"O Descobridor Dos Sete Mares",Latin
1728,"Um Certo Alguém",Latin
1729,Fullgás,Latin
1730,"Sábado À Noite",Latin
1733,"Atrás Do Trio Elétrico",Latin
1734,"Senta A Pua",Latin
1737,"Toda Forma De Amor",Latin
1738,"Tudo Igual",Latin
1739,"Fogo De Palha",Latin
1742,"Se Você Pensa",Latin
1743,"Lá Vem O Sol (Here Comes The Sun)",Latin
1755,Arrepio,Latin
1756,Magamalabares,Latin
1757,"Chuva No Brejo",Latin
1760,Maraçá,Latin
1761,Blanco,Latin
1764,"Beija Eu",Latin
1765,"Give Me Love",Latin
1766,"Ainda Lembro",Latin
1769,"Ao Meu Redor",Latin
1770,"Bem Leve",Latin
1919,Cuitelinho,Latin
1920,Caxangá,Latin
1921,"Nos Bailes Da Vida",Latin
1924,"Canção Do Novo Mundo",Latin
1925,"Um Gosto De Sol",Latin
1926,Solar,Latin
1929,Minas,Latin
1930,"Fé Cega, Faca Amolada",Latin
1933,"Gran Circo",Latin
1935,Trastevere,Latin
1937,"Leila (Venha Ser Feliz)",Latin
1938,"Paula E Bebeto",Latin
1939,Simples,Latin
2030,Requebra,Latin
2032,"Olodum - Alegria Geral",Latin
2033,"Madagáscar Olodum",Latin
2034,"Faraó Divindade Do Egito",Latin
2037,"Olodum, A Banda Do Pelô",Latin
2038,"Cartao Postal",Latin
2053,"Meu Erro",Latin
2056,"Tendo A Lua",Latin
2057,"Que País É Este",Latin
2059,"Feira Moderna",Latin
2060,"Tequila - Lourinha Bombril (Parate Y Mira)",Latin
2068,"Lourinha Bombril",Latin
2076,"Aonde Quer Que Eu Va",Latin
2080,Alagados,Latin
2082,"Melô Do Marinheiro",Latin
2083,"Vital E Sua Moto",Latin
2752,Chocolate,Latin
2753,"Azul Da Cor Do Mar",Latin
2755,"Até Que Enfim Encontrei Você",Latin
2756,"Coroné Antonio Bento",Latin
2764,"Over Again",Latin
2772,"I Don't Know What To Do With Myself",Latin
2776,"Preciso Ser Amado",Latin
2778,"Preciso Aprender A Ser Só",Latin
2779,"Esta É A Canção",Latin
3117,"Pela Luz Dos Olhos Teus",Latin
3120,"O Velho E Aflor",Latin
3121,"Cotidiano N 2",Latin
3122,Adeus,Latin
3125,"Meu Pranto Rolou",Latin
3126,"Mulher Carioca",Latin
3129,"Oi, La",Latin
3130,"Vinicius, Poeta Do Encontro",Latin
3131,"Soneto Da Separacao",Latin
3147,"Posso Até Me Apaixonar",Latin
3148,"Não Sou Mais Disso",Latin
3149,"Vivo Isolado Do Mundo",Latin
3152,"Vai Adiar",Latin
3153,Rugas,Latin
3156,"Chico Não Vai na Corimba",Latin
3157,"Papel Principal",Latin
3158,"Saudade Louca",Latin
3161,"Minha Fé",Latin
3162,"Lua de Ogum",Latin
282,Girassol,Reggae
283,"A Sombra Da Maldade",Reggae
284,"Johnny B. Goode",Reggae
288,"O Erê",Reggae
290,"A Estrada",Reggae
291,Berlim,Reggae
295,Conciliação,Reggae
296,"Realidade Virtual",Reggae
297,Mensagem,Reggae
300,"O Erê",Reggae
301,"A Sombra Da Maldade",Reggae
302,"A Estrada",Reggae
305,Pensamento,Reggae
306,"Realidade Virtual",Reggae
309,Downtown,Reggae
311,"A Cor Do Sol",Reggae
2216,"Johnny B. Goode",Reggae
2219,"I'm The Toughest",Reggae
2220,"Nothing But Love",Reggae
2221,"Buk-In-Hamm Palace",Reggae
2224,"Mystic Man",Reggae
2225,"Coming In Hot",Reggae
2228,"Equal Rights Downpresser Man",Reggae
3038,"Breakfast In Bed",Reggae
3039,"Where Did I Go Wrong",Reggae
3043,"Kingston Town",Reggae
3045,"(I Can't Help) Falling In Love With You",Reggae
3049,"Reggae Music",Reggae
3050,Superstition,Reggae
3051,"Until My Dying Day",Reggae
323,"Dig-Dig, Lambe-Lambe (Ao Vivo)",Pop
324,Pererê,Pop
327,Daniela,Pop
328,"Bate Lata",Pop
329,"Garotas do Brasil",Pop
332,Reboladeira,Pop
333,"É que Nessa Encarnação Eu Nasci Manga",Pop
336,"Latinha de Cerveja",Pop
3255,Mother,Pop
3259,"I'm Losing You",Pop
3263,"Nobody Told Me",Pop
3265,"Working Class Hero",Pop
3266,"Power to the People",Pop
3269,Isolation,Pop
3270,"Watching the Wheels",Pop
3271,"Grow Old With Me",Pop
3275,"Real Love",Pop
3468,"You Sent Me Flying / Cherry",Pop
3471,"(There Is) No Greater Love (Teo Licks)",Pop
3472,"In My Bed",Pop
3474,"October Song",Pop
3475,"What Is It About Men",Pop
360,"Vai-Vai 2001",Soundtrack
363,"Nene 2001",Soundtrack
364,"Rosas De Ouro 2001",Soundtrack
365,"Mocidade Alegre 2001",Soundtrack
368,"Tucuruvi 2001",Soundtrack
369,"Aguia De Ouro 2001",Soundtrack
372,"Perola Negra 2001",Soundtrack
373,"Sao Lucas 2001",Soundtrack
1073,"Óia Eu Aqui De Novo",Soundtrack
1074,"Baião Da Penha",Soundtrack
1077,"Último Pau-De-Arara",Soundtrack
1078,"Asa Branca",Soundtrack
1079,"Qui Nem Jiló",Soundtrack
1082,"A Volta Da Asa Branca",Soundtrack
1083,"O Amor Daqui De Casa",Soundtrack
1084,"As Pegadas Do Amor",Soundtrack
1086,"Casinha Feliz",Soundtrack
2128,"Always Forever Now",Soundtrack
2129,"A Different Kind Of Blue",Soundtrack
2133,"One Minute Warning",Soundtrack
2134,"Corpse (These Chains Are Way Too Long)",Soundtrack
2135,"Elvis Ate America",Soundtrack
2138,"Theme From Let's Go Native",Soundtrack
3503,Koyaanisqatsi,Soundtrack
646,"Samba Da Bênção","Bossa Nova"
1033,"My Way","Easy Listening"
1034,"Strangers In The Night","Easy Listening"
1037,"Something Stupid","Easy Listening"
1038,"Moon River","Easy Listening"
1041,"For Once In My Life","Easy Listening"
1042,"Love And Marriage","Easy Listening"
1043,"They Can't Take That Away From Me","Easy Listening"
1046,"I've Got You Under My Skin","Easy Listening"
1047,"The Best Is Yet To Come","Easy Listening"
1050,"That's Life","Easy Listening"
1051,"The Girl From Ipanema","Easy Listening"
1052,"The Lady Is A Tramp","Easy Listening"
1055,"Loves Been Good To Me","Easy Listening"
1056,"L.A. Is My Lady","Easy Listening"
1246,Rainmaker,"Heavy Metal"
1247,"No More Lies","Heavy Metal"
1248,Montsegur,"Heavy Metal"
1251,"New Frontier","Heavy Metal"
1252,Paschendale,"Heavy Metal"
1255,Journeyman,"Heavy Metal"
1278,Wrathchild,"Heavy Metal"
1279,"Murders In The Rue Morgue","Heavy Metal"
1282,"Innocent Exile","Heavy Metal"
1283,Killers,"Heavy Metal"
1284,"Prodigal Son","Heavy Metal"
1287,"Intro- Churchill S Speech","Heavy Metal"
1288,"Aces High","Heavy Metal"
1300,Wrathchild,"Heavy Metal"
1301,"Acacia Avenue","Heavy Metal"
1302,"Children Of The Damned","Heavy Metal"
1414,"Please Please Please",R&B/Soul
1415,Think,R&B/Soul
1419,"I Got You (I Feel Good)",R&B/Soul
1421,"Cold Sweat",R&B/Soul
1425,"Make It Funky Pt.1",R&B/Soul
1426,"I'm A Greedy Man Pt.1",R&B/Soul
1427,"Get On The Good Foot",R&B/Soul
1432,"Hot Pants Pt.1",R&B/Soul
1433,"Soul Power (Live)",R&B/Soul
1444,"Canned Heat",R&B/Soul
1448,Failling,R&B/Soul
1450,Supersonic,R&B/Soul
1451,Butterfly,R&B/Soul
1773,"Wherever I Lay My Hat",R&B/Soul
1774,"Get My Hands On Some Lovin'",R&B/Soul
1775,"No Good Without You",R&B/Soul
1778,"You're What's Happening (In The World Today)",R&B/Soul
1779,"Loving You Is Sweeter Than Ever",R&B/Soul
1780,"It's A Bitter Pill To Swallow",R&B/Soul
1782,"Gonna Keep On Tryin' Till I Win Your Love",R&B/Soul
1783,"Gonna Give Her All The Love I've Got",R&B/Soul
1784,"I Wish It Would Rain",R&B/Soul
1788,"Ego Tripping Out",R&B/Soul
3460,"Love Is a Losing Game",R&B/Soul
1455,"Just Another Story",Electronica/Dance
1456,"Stillness In Time",Electronica/Dance
1457,"Half The Man",Electronica/Dance
1460,"The Kids",Electronica/Dance
1461,"Mr. Moon",Electronica/Dance
1462,Scam,Electronica/Dance
1465,"Space Cowboy",Electronica/Dance
3321,Prostituta,Electronica/Dance
3322,"Eu So Queria Sumir",Electronica/Dance
3323,"Tres Reis",Electronica/Dance
3325,"Batalha Naval",Electronica/Dance
3327,"O Misterio do Samba",Electronica/Dance
3329,"Na Ladeira",Electronica/Dance
3330,Carimbo,Electronica/Dance
3331,Catimbo,Electronica/Dance
3334,Mun-Ra,Electronica/Dance
3335,"Freestyle Love",Electronica/Dance
3352,Distance,Electronica/Dance
3358,"One Step Beyond",Electronica/Dance
1532,"Pura Elegancia",World
1533,Choramingando,World
1534,"Por Merecer",World
1537,"Cuando A Noite Vai Chegando",World
1538,"Naquele Dia",World
1541,"Cuando Eu For Pro Ceu",World
1542,"Do Nosso Amor",World
1543,Borogodo,World
1957,"Kir Royal",World
1960,"Dois Índios",World
1961,"Noite Negra",World
1962,"Beijo do Olhar",World
1965,"Só Se For Pelo Cabelo",World
1966,"No Clima",World
3354,"I Ka Barra (Your Work)",World
2238,ZeroVinteUm,"Hip Hop/Rap"
2239,"Queimando Tudo","Hip Hop/Rap"
2242,"100% HardCore","Hip Hop/Rap"
2243,Biruta,"Hip Hop/Rap"
2244,"Mão Na Cabeça","Hip Hop/Rap"
2246,"Adoled (Ocean)","Hip Hop/Rap"
2247,"Seus Amigos","Hip Hop/Rap"
2248,"Paga Pau","Hip Hop/Rap"
2252,"Quem Me Cobrou?","Hip Hop/Rap"
3300,"Jump Around","Hip Hop/Rap"
3304,"Commercial 1","Hip Hop/Rap"
3305,"House And The Rising Sun","Hip Hop/Rap"
3306,"Shamrocks And Shenanigans","Hip Hop/Rap"
3307,"House Of Pain Anthem","Hip Hop/Rap"
3311,"Put On Your Shit Kickers","Hip Hop/Rap"
3312,"Come And Get Some Of This","Hip Hop/Rap"
3313,"Life Goes On","Hip Hop/Rap"
3316,"All My Love","Hip Hop/Rap"
3317,"Jump Around (Pete Rock Remix)","Hip Hop/Rap"
3318,"Shamrocks And Shenanigans (Boom Shalock Lock Boom/Butch Vig Mix)","Hip Hop/Rap"
2819,"Battlestar Galactica: The Story So Far","Science Fiction"
2825,"A Measure of Salvation","Science Fiction"
2829,"The Eye of Jupiter","Science Fiction"
2830,Rapture,"Science Fiction"
2831,"Taking a Break from All Your Worries","Science Fiction"
2834,"Dirty Hands","Science Fiction"
2835,Maelstrom,"Science Fiction"
2836,"The Son Also Rises","Science Fiction"
2824,Torn,"TV Shows"
2848,"Six Months Ago","TV Shows"
2857,"A Tale of Two Cities","TV Shows"
2858,"Lost (Pilot, Part 1) [Premiere]","TV Shows"
2861,"Lost (Pilot, Part 2)","TV Shows"
2863,"Further Instructions","TV Shows"
2865,"Tabula Rasa","TV Shows"
2867,"Everybody Hates Hugo","TV Shows"
2870,"The Cost of Living","TV Shows"
2871,"White Rabbit","TV Shows"
2872,Abandoned,"TV Shows"
2879,Collision,"TV Shows"
2880,"Confidence Man","TV Shows"
2884,"What Kate Did","TV Shows"
2885,"Raised By Another","TV Shows"
2888,"All the Best Cowboys Have Daddy Issues","TV Shows"
2893,"Whatever the Case May Be","TV Shows"
2894,"Hearts and Minds","TV Shows"
2898,Special,"TV Shows"
2906,"...In Translation","TV Shows"
2911,Numbers,"TV Shows"
2915,"Do No Harm","TV Shows"
2917,"The Greater Good","TV Shows"
2920,"Three Minutes","TV Shows"
2921,"Exodus (Part 1)","TV Shows"
2924,"Live Together, Die Alone, Pt. 2","TV Shows"
2925,"Exodus (Part 3) [Season Finale]","TV Shows"
3172,"The Office: An American Workplace (Pilot)","TV Shows"
3174,"Health Care","TV Shows"
3175,"The Alliance","TV Shows"
3176,Basketball,"TV Shows"
3179,"Sexual Harassment","TV Shows"
3180,"Office Olympics","TV Shows"
3181,"The Fire","TV Shows"
3183,"The Fight","TV Shows"
3184,"The Client","TV Shows"
3185,"Performance Review","TV Shows"
3188,"Booze Cruise","TV Shows"
3189,"The Injury","TV Shows"
3190,"The Secret","TV Shows"
3192,"Boys and Girls","TV Shows"
3193,"Valentine's Day","TV Shows"
3194,"Dwight's Speech","TV Shows"
3195,"Take Your Daughter to Work Day","TV Shows"
3197,"Drug Testing","TV Shows"
3198,"Conflict Resolution","TV Shows"
3199,"Casino Night - Season Finale","TV Shows"
3203,"Grief Counseling","TV Shows"
3207,"The Merger","TV Shows"
3343,Eggtown,"TV Shows"
3228,"Battlestar Galactica, Pt. 3","Sci Fi & Fantasy"
3236,"The Young Lords","Sci Fi & Fantasy"
3239,"Fire In Space","Sci Fi & Fantasy"
3240,"War of the Gods, Pt. 1","Sci Fi & Fantasy"
3242,"The Man With Nine Lives","Sci Fi & Fantasy"
3243,"Murder On the Rising Star","Sci Fi & Fantasy"
2840,"Don't Look Back",Drama
2842,Collision,Drama
2843,Hiros,Drama
2847,Homecoming,Drama
2849,Fallout,Drama
2852,Run!,Drama
2853,Unexpected,Drama
2854,"Company Man",Drama
2866,"Every Man for Himself",Drama
2875,"Not In Portland",Drama
2876,"Not In Portland",Drama
2881,"Flashes Before Your Eyes",Drama
2889,"The Hunting Party",Drama
2890,"Tricia Tanaka Is Dead",Drama
2897,"One of Them",Drama
2899,"The Man from Tallahassee",Drama
2902,"Maternity Leave",Drama
2903,"Left Behind",Drama
2907,Lockdown,Drama
2908,"One of Us",Drama
2912,D.O.C.,Drama
2916,"Two for the Road",Drama
3165,"The Brig",Drama
3166,.07%,Drama
3167,"Five Years Gone",Drama
3170,"Greatest Hits",Drama
3171,Landslide,Drama
3251,"Through the Looking Glass, Pt. 2",Drama
3339,"LOST Season 4 Trailer",Drama
3340,"LOST In 8:15",Drama
3341,"Confirmed Dead",Drama
3344,"The Constant",Drama
3345,"The Other Woman",Drama
3348,"The Shape of Things to Come",Drama
3361,"Cabin Fever",Drama
3362,"There's No Place Like Home, Pt. 1",Drama
3363,"There's No Place Like Home, Pt. 2",Drama
3211,"Traveling Salesmen",Comedy
3213,"Ben Franklin",Comedy
3215,"Business School",Comedy
3216,Cocktails,Comedy
3217,"The Negotiation",Comedy
3219,"Product Recall",Comedy
3220,"Women's Appreciation",Comedy
3221,"Beach Games",Comedy
3429,"The Return",Comedy
3336,"War Pigs",Alternative
3366,"Reach Down",Alternative
3367,"Hunger Strike",Alternative
3368,"Pushin Forward Back",Alternative
3370,"Times of Trouble",Alternative
3371,"Wooden Jesus",Alternative
3372,"Your Savior",Alternative
3375,"No Such Thing",Alternative
3376,"Poison Eye",Alternative
3377,"Arms Around Your Love",Alternative
3379,"She'll Never Be Your Man",Alternative
3380,Ghosts,Alternative
3381,"Killing Birds",Alternative
3384,"Your Soul Today",Alternative
3385,"Finally Forever",Alternative
3386,"Silence the Voices",Alternative
3388,"You Know My Name",Alternative
3389,Revelations,Alternative
3390,"One and the Same",Alternative
3393,"Original Fire",Alternative
3394,"Broken City",Alternative
3395,Somedays,Alternative
3397,"Jewel of the Summertime",Alternative
3398,"Wide Awake",Alternative
3399,"Nothing Left to Say But Goodbye",Alternative
3402,"Band Members Discuss Tracks from "Revelations"",Alternative
3359,"Symphony No. 3 in E-flat major, Op. 55, "Eroica" - Scherzo: Allegro Vivace",Classical
3403,"Intoitus: Adorate Deum",Classical
3404,"Miserere mei, Deus",Classical
3406,"Concerto No. 1 in E Major, RV 269 "Spring": I. Allegro",Classical
3407,"Concerto for 2 Violins in D Minor, BWV 1043: I. Vivace",Classical
3408,"Aria Mit 30 Veränderungen, BWV 988 "Goldberg Variations": Aria",Classical
3411,"Solomon HWV 67: The Arrival of the Queen of Sheba",Classical
3412,""Eine Kleine Nachtmusik" Serenade In G, K. 525: I. Allegro",Classical
3413,"Concerto for Clarinet in A Major, K. 622: II. Adagio",Classical
3415,"Symphony No.5 in C Minor: I. Allegro con brio",Classical
3416,"Ave Maria",Classical
3417,"Nabucco: Chorus, "Va, Pensiero, Sull'ali Dorate"",Classical
3420,"The Nutcracker, Op. 71a, Act II: Scene 14: Pas de deux: Dance of the Prince & the Sugar-Plum Fairy",Classical
3421,"Nimrod (Adagio) from Variations On an Original Theme, Op. 36 "Enigma"",Classical
3422,"Madama Butterfly: Un Bel Dì Vedremo",Classical
3424,"Turandot, Act III, Nessun dorma!",Classical
3425,"Adagio for Strings from the String Quartet, Op. 11",Classical
3426,"Carmina Burana: O Fortuna",Classical
3427,"Fanfare for the Common Man",Classical
3430,"Toccata and Fugue in D Minor, BWV 565: I. Toccata",Classical
3431,"Symphony No.1 in D Major, Op.25 "Classical", Allegro Con Brio",Classical
3435,"Cavalleria Rusticana  Act  Intermezzo Sinfonico",Classical
3439,"Das Lied Von Der Erde, Von Der Jugend",Classical
3443,"Missa Papae Marcelli: Kyrie",Classical
3445,"On the Beautiful Blue Danube",Classical
3447,"Carmen: Overture",Classical
3448,"Lamentations of Jeremiah, First Set  Incipit Lamentatio",Classical
3449,"Music for the Royal Fireworks, HWV351 (1749): La Réjouissance",Classical
3452,"SCRIABIN: Prelude in B Major, Op. 11, No. 11",Classical
3453,"Pavan, Lachrimae Antiquae",Classical
3483,"Concert pour 4 Parties de V**les, H. 545: I. Prelude",Classical
3487,"3 Gymnopédies: No.1 - Lent Et Grave, No.3 - Lent Et Douloureux",Classical
3491,"Le Sacre Du Printemps: I.iv. Spring Rounds",Classical
3495,"24 Caprices, Op. 1, No. 24, for Solo Violin, in A Minor",Classical
3497,"Erlkonig, D.328",Classical
3498,"Concerto for Violin, Strings and Continuo in G Major, Op. 3, No. 9: I. Allegro",Classical
3501,"L'orfeo, Act 3, Sinfonia (Orchestra)",Classical
3502,"Quintet for Horn, Violin, 2 Violas, and Cello in E Flat Major, K. 407/386c: III. Allegro",Classical
3451,"Die Zauberflöte, K.620: "Der Hölle Rache Kocht in Meinem Herze"",Opera
